campaign_id,campaign_code,campaign_name,channel,budget_aud,discount_pct,start_date,is_running,snapshot_date
5001,CMP-5001,WINTER MOBILE_APP PUSH,mobile_app,206000.0,0.26,2026-01-01,False,2026-01-02
5002,CMP-5002,WINTER WEB PUSH,web,84500.0,0.17,2026-01-01,True,2026-01-02
5003,CMP-5003,WINTER IN_STORE PUSH,in_store,34500.0,0.16,2026-01-01,True,2026-01-02
5004,CMP-5004,AUTUMN MARKETPLACE PUSH,marketplace,238000.0,0.02,2026-01-01,True,2026-01-02
5005,CMP-5005,WINTER MOBILE_APP PUSH,mobile_app,79000.0,0.01,2026-01-01,True,2026-01-02
5006,CMP-5006,WINTER MOBILE_APP PUSH,mobile_app,46500.0,0.2,2026-01-01,True,2026-01-02
5007,CMP-5007,SUMMER MOBILE_APP PUSH,mobile_app,72000.0,0.03,2026-01-01,True,2026-01-02
5008,CMP-5008,SPRING IN_STORE PUSH,in_store,112000.0,0.25,2026-01-01,True,2026-01-02
5009,CMP-5009,AUTUMN MOBILE_APP PUSH,mobile_app,175000.0,0.01,2026-01-01,True,2026-01-02
5010,CMP-5010,ALWAYS-ON MOBILE_APP PUSH,mobile_app,91500.0,0.08,2026-01-01,True,2026-01-02
5011,CMP-5011,AUTUMN WEB PUSH,web,171500.0,0.07,2026-01-01,False,2026-01-02
5012,CMP-5012,WINTER MOBILE_APP PUSH,mobile_app,194000.0,0.34,2026-01-01,True,2026-01-02
5013,CMP-5013,WINTER WEB PUSH,web,50000.0,0.33,2026-01-01,True,2026-01-02
5014,CMP-5014,WINTER WEB PUSH,web,26500.0,0.35,2026-01-01,True,2026-01-02
5015,CMP-5015,ALWAYS-ON WEB PUSH,web,60500.0,0.04,2026-01-01,True,2026-01-02
5016,CMP-5016,WINTER WEB PUSH,web,81000.0,0.23,2026-01-01,True,2026-01-02
5017,CMP-5017,ALWAYS-ON WEB PUSH,web,115500.0,0.26,2026-01-01,True,2026-01-02
5018,CMP-5018,SUMMER MARKETPLACE PUSH,marketplace,58500.0,0.15,2026-01-01,True,2026-01-02
